0.03;жакет;женс.;дл. рукав;без воротника;;2045;1 841;1 636
0.04;жакет;женс.;дл. рукав;классический;;2717;2 445;2 174
0.04A;жакет;женс.;дл. рукав;округл. воротник;;2958;2 662;2 366
0.04А-1;жакет;женс.;дл. рукав;шлица на рукаве;;3223;2 901;2 578
0.04B;жакет;женс.;дл. рукав;декорат. отделка;;3449;3 104;2 759
0.05;жакет;женс.;;с отделкой (торжок);;3997;3 597;3 198
0.06;спенсер;женс.;дл. рукав;с атлас отделк;;2386;2 147;1 909
0.12B;фрак;мужс.;дл. рукав;;;8614;7 753;6 891
0.14;смокинг;мужс.;дл. рукав;округл. воротник;;7407;6 666;5 926
0.16;пиджак;мужс.;дл. рукав;классический, 3 пуг, с отделкой;;7654;6 889;6 123
0.17;пиджак;мужс.;дл. рукав;классический, 2 пуг;;5290;4 761;4 232
0.19;пиджак;мужс.;дл. рукав;двубортный;;6985;6 287;5 588
0.20;жакет;женс.;дл. рукав;с воротником;;2895;2 606;2 316
0.20А;жакет;женс.;дл. рукав;с закругленными нижними углами борта;;2998;2 698;2 398
0.20B;жакет;женс.;дл. рукав;клссич, на 1 пугов;;2652;2 387;2 122
0.22;жакет;женс.;дл. рукав;классический, 3 пуг;;2869;2 582;2 295
0.22б;жакет;женс.;дл.рукав;с дв отстрочкой;;3267;2 940;2 614
0.22в;жакет;женс.;дл.рукав;с имитацией руч.стежка;;3860;3 474;3 088
0.22A;жакет;женс.;дл. рукав;классический, удлин;;2965;2 669;2 372
0.26;жакет;женс.;кор. рукав;округл. воротник, без подкладки;;1635;1 472;1 308
0.74;жакет;женс.;дл.рукав;класс.без воротника;;1978;1 780;1 582
;пальто женское;женс.;;горчица;;7350;6 615;6 240
0.26А;жакет;женс.;дл. рукав;округл. воротник, без подкладки;;1797;1 617;1 438
0.29;пальто швейцара;мужс.;дл. рукав;неутепленное;;13260;11 934;10 608
0.29;пальто швейцара;мужс.;дл. рукав;утепленное;;15100;13 590;12 080
0.30;пальто швейцара;мужс.;дл. рукав;двубортное, с отделк., неутепленное;;13580;12 222;10 864
0.30;пальто швейцара;мужс.;дл. рукав;двубортное, с отделк., утепленное;;15860;14 274;12 688
0.34;жакет;женс.;дл. рукав;стилизованный, без подкладки;;2517;2 265;2 014
0.40;жакет;женс.;дл. рукав;двубортный;;3940;3 546;3 152
0.41;жакет;женс.;дл.рукав;застежка на крючок,нагрудные вытачки из горловины;;2627;2 364;2 102
0.42;пиджак;мужс.;дл. рукав;двубортный;;7820;7 038;6 256
0.43;жакет;женс.;дл. рукав;с воротником;;3467;3 120;2 774
0.45;мантия;мужс.;дл. рукав;с вышивкой с;;4488;4 039;3 590
0.46;мантия;женс.;дл. рукав;с вышивкой;;4488;4 039;3 590
;комплект воротничков;;доп.компл;сорочка;;408;367;326
0.47;пиджак;мужс.;дл. рукав;классический;;5768;5 191;4 614
0.48;пиджак;мужс.;дл.рукав;двубортный;;7820;7 038;6 256
0.59;жакет;женс.;дл. рукав;жакет с аксельбантами;вопрос;4891;4 402;3 913
0.68;жакет;женс.;;(арома);вопрос;2445;2 201;1 956
;френч;мужс.;дл. рукав;ворот. стойка;вопрос;2995;2 696;2 396
2.03;брюки;женс.;-;прямые;;1023;921;818
2.03B;брюки;женс.;-;зауженные;;1312;1 181;1 050
2.05;брюки;мужс.;-;готовые (наличие по цветам уточнять);;975;878;780
2.05;брюки;мужс.;-;классические;;1490;1 341;1 192
2.05;брюки;мужс.;-;классич люкс;;2192;1 973;1 754
2.06;брюки;мужс.;-;с лампасами, без карманов;;1668;1 501;1 334
2.06A;брюки;мужс.;-;с лампасами, с карманами;;1712;1 541;1 370
2.21;брюки;женс.;-;прямые,со стрелками;;1206;1 085;965
2.29;капри;женс.;-;с отворотами внизу;;986;887;789
2.37A;бриджи;женс.;-;карманы ложные с отворотами,заужены к низу;;1091;982;873
2.42;платье - шорты;женс.;-;с пряжкой, из кост. ткани;;1510;1 359;1 208
2.45;брюки;мужс.;-;классические;;1590;1 431;1 272
2.49;брюки;женс.;-;прямые, срелки;;1490;1 341;1 192
2.50;брюки;мужс.;-;джинсы;вопрос;2332;2 099;1 866
2.75;Брюки;женс.;-;люкс, зауж., стрейч, заниж. талия;вопрос;1408;1 267;1 126
2.75A;Брюки;женс.;-;зауженные, стрейч, заниж. талия;вопрос;1454;1 309;1 163
2.86;Брюки;мужс.;-;рабочие, с накладными карманами сбоку;утепл;1692;1 523;1 354
3.01;юбка;женс.;по колено;прямая, дл=57см;;897;762;718
3.01A;юбка;женс.;по колено;зауж. к низу;;897;807;718
3.01А-2;юбка;женс.;удлинен;прямая, дл=85см;;990;891;792
3.02;юбка;женс.;по колено;со шлицей спереди;;986;887;789
3.03;юбка;женс.;по колено;с бок. резинками;;897;807;718
3.03A;юбка;женс.;по колено;см. юбки рабочие;;716;644;572
3.04;юбка;женс.;укороч;на запах, трапеция;;1008;907;806
3.10;юбка;женс.;по колено;прямая, без пояса;;899;809;719
3.11A;юбка;женс.;укороч;на запах, с кантом;;1250;1 125;999
3.11A;юбка;женс.;укороч;с подъюбником;;2095;1 886;1 676
3.13;юбка;женс.;укороч;на запах, в складку;;1835;1 652;1 468
3.13B;юбка;женс.;укороч;на запах, в складку;;1755;1 580;1 404
3.16;юбка;женс.;по колено;шестиклинка без подкладки;;1750;1 575;1 400
3.22B;юбка;женс.;удлинен;1/4 солнце, без подъюбника;;1670;1 503;1 336
3.22B;юбка;женс.;удлинен;1/4 солнце, с подъюбником;;2420;2 178;1 936
3.22B-2;юбка;женс.;удлинен;колокол, б/подъюбн.;;1905;1 715;1 524
3.22B-2;юбка;женс.;удлинен;колокол, с подъюбн.;;2405;2 165;1 924
3.25;юбка;женс.;удлинен;без подъюбника;;1670;1 503;1 336
3.25;юбка;женс.;удлинен;с подъюбником;;2420;2 178;1 936
3.25А;юбка;женс.;удлинен;б/подъюбн., пояс на резинке;вопрос;1470;1 323;1 176
3.25А;юбка;женс.;удлинен;с подъюбн., пояс на резинке;вопрос;2240;2 016;1 792
3.33;юбка;женс.;длинная;клинья;вопрос;;0;0
3.34;юбка;женс.;удлинен;солнце, б/ подъюбн.;;924;832;739
3.34;юбка;женс.;удлинен;солнце, с подъюбн.;;1564;1 408;1 251
3.35;юбка;женс.;укороч;складки, стилиз.;;1420;1 278;1 136
3.37;юбка;женс.;укороч;трапеция;;775;698;620
3.46;юбка;женс.;по колено;карандаш, без пояса, с рельефами;;1110;999;888
3.48;юбка;женс.;по колено;с глубоким запахом;;1268;1 141;1 014
3.49;юбка;женс.;по колено;шлица сбоку;;1110;999;888
3.77;юбка;женс.;по колено;без пояса с отстрочкой;;1235;1 112;988
3.56;юбка;женс.;по колено;прямая;;1110;999;888
3.;юбка;женс.;удлинен;прямая с фиг вставкой;;1235;1 112;988
3.64;юбка;женс.;укороч;складки, шотланка;;1540;1 386;1 232
4A.05;блуза;женс.;рукав 3/4;с трик.спинкой;;1132;1 019;906
4A.05С;блуза;женс.;кор. рукав;спинка не трикотажная;;867;780;694
4A.06A;блуза;женс.;рукав короткий;с кокеткой;;990;891;792
4A.07A;блуза;женс.;рукав короткий;Y-вырез, рельефы;;975;878;780
4A.07C;блуза;женс.;дл. рукав;Y-вырез, рельефы;;1103;993;882
4А.07G;блуза;женс.;рукав 3/4;Y-вырез, рельефы;;935;842;748
готов;сорочка;мужс.;;готовая (наличие по цветам и составу уточнять);;685;617;548
4A.48A;сорочка;мужс.;дл. рукав;классическая;;990;891;792
4A.48A-1;сорочка;мужс.;кор. рукав;классическая;;872;785;698
4A.48B;сорочка;мужс.;дл. рукав;воротн. под бабочку;;1145;1 031;916
4A.48B-1;сорочка;мужс.;кор. рукав;воротн. под бабочку;;895;806;716
4A.48C;сорочка;мужс.;дл. рукав;воротник стойка;;1145;1 031;916
4A.48C-1;сорочка;мужс.;кор. рукав;воротник стойка;;895;806;716
4A.48D;сорочка;мужс.;дл. рукав;супатная застежка;;1190;1 071;952
4A.48D-1;сорочка;мужс.;кор. рукав;супатная застежка;;899;809;719
4A.48D-2;сорочка;мужс.;дл. рукав;супатн. заст, заст-рочки, манжета 12см;;1344;1 210;1 075
4A.48E;сорочка;мужс.;дл. рукав;застрочки;;1134;1 021;907
4A.48L;сорочка;мужс.;дл. рукав;новый воротник;;992;893;794
4A.48L-1;сорочка;мужс.;кор. рукав;новый воротник;;830;747;664
4A.48F;сорочка;мужс.;дл. рукав;приталенная;;1190;1 071;952
4A.49;блуза;женс.;дл. рукав;рельефы, апаш;;998;898;798
4А.49B;блуза;женс.;рукав 3/4;"с воротником ""апаш""";;898;808;718
4A.49F;блуза;женс.;кор. рукав;рельефы;;898;808;718
4A.49G;блуза;женс.;рукав 3/4;рельефы;;975;878;780
4A.49E;блуза;женс.;дл. рукав;рельефы;;1034;931;827
4A.490A;блуза;женс.;дл. рукав;фигурн. паты, вставка на спине;;1162;1 046;930
4A.490B;блуза;женс.;рукав 3/4;"манжеты с разрезами, ""апаш""";;975;878;780
4A.490E;блуза;женс.;дл. рукав;рельефы, удлин. манжеты 6см;;1162;1 046;930
4A.490E-2;блуза;женс.;дл. рукав;рельефы, удлин. манжеты 12см;;1162;1 046;930
4A.490F;блуза;женс.;кор. рукав;рельефы;;837;753;670
4A.490G;блуза;женс.;рукав 3/4;рельефы, манжеты с разрезами;;898;808;718
4A.490G-2;блуза;женс.;рукав 3/4;рельефы, манжеты на пуговицах;;990;891;792
4А.490H;блуза;женс.;кор. рукав;приталенная;;873;786;698
4А.490H-1;блуза;женс.;дл. рукав;приталенная;;1162;1 046;930
4А.490H-2;блуза;женс.;дл. рукав;"приталенная, ""апаш""";;1162;1 046;930
4А.490K;блуза;женс.;рукав 3/4;"воротник ""шаль""";;898;808;718
4А.490M;блуза;женс.;рукав 3/4;расш. рукав на манж.;;990;891;792
4А.490N;блуза;женс.;дл. рукав;"воротник ""шаль""";вопрос;1155;1 040;924
4А.490S;блуза;женс.;дл. рукав;фантазийн. ворот.;вопрос;1162;1 046;930
4А.490R;блуза;женс.;дл. рукав;манжеты 7см, отделка кружевом;;1290;1 161;1 032
4A.55A;блуза;женс.;кор. рукав;отд. атласными бейками;;898;808;718
4A.61A;блуза;женс.;кор. рукав  реглан;стилиз., под корсет, отделка кружевом;;917;825;734
4A.61B;блуза;женс.;кор. рукав реглан;стилиз., под корсет;;785;707;628
4A.74B;блуза;женс.;кор. рукав;рельефы, стойка;;963;867;770
4A.78C;сорочка;уни;кор. рукав;пата на рукаве;;969;872;775
4A.78H;сорочка;уни;дл. рукав;;;998;898;798
4A.89C;блуза;женс.;дл. рукав;рельефы, англ. Воротник;;1043;939;834
4A.89D;блуза;женс.;кор. рукав;рельефы, англ. Воротник;;922;830;738
4A.89F;блуза;женс.;рукав 3/4;рельефы;;986;887;789
4.93;футболка мужская;;;;;704;577;492
4A.101;блуза;женс.;дл. рукав;воротник под бабочку;;1140;1 026;912
4A.109;блуза;женс.;рукав 3/4;воротник под бабочку;;920;828;736
4A.118А;;;;;;1162;1 046;930
4A.118B;сорочка;мужс.;дл. рукав;приталенная;;1162;1 046;930
4A.118B-2;;;;;вопрос;;0;0
4A.132;блуза;женс.;рукав 3/4;с бантиком;;1027;924;822
4A.133;блуза;женс.;рукав 3/4;;;970;873;776
4A.134;майка;женс.;б/рукава;рельефы;;733;660;586
4A.136;блуза;женс.;кор. рукав;стилиз., под корсет, отделка кружевом;;868;781;694
4A.145;блуза;женс.;дл. рукав;V-вырез, мал. объем;;1255;1 130;1 004
4A.145А;блуза;женс.;рукав 3/4;V-вырез, мал. объем;;970;873;776
4A.145B;блуза;женс.;кор. рукав;V-вырез, мал. объем;;858;772;686
4A.145C;блуза;женс.;рукав 3/4;классич. воротник;;970;873;776
4A.145D;блуза;женс.;рукав 3/4;V-вырез, манжеты на пугов.;;1103;993;882
4A.145F;блуза;женс.;кор.рукав;воротник на высокой стойке;;930;837;744
4A.147;сорочка;мужс.;дл. рукав;притал, мал. объема;;1145;1 031;916
4A.147-1;сорочка;мужс.;дл. рукав;притал, мал.объема, ворот с пугов, паты;;1255;1 130;1 004
4A.147-2;сорочка;мужс.;дл. рукав;притал, мал. объема, супатн. заст.;;1255;1 130;1 004
4A.147-3;сорочка;мужс.;кор. рукав;притал, мал. объема;;985;887;788
4А.147М;сорочка;мужс.;кор. рукав;притал, мал. объема, 2 кармана, паты;;1103;993;882
4A.162A;блуза;женс.;рукав 3/4;стилизованная;;1341;1 207;1 073
4A.167;блуза;женс.;дл. рукав;широкие манжеты;;1162;1 046;930
4А.174;блуза;женс.;дл. рукав;декор.планка;;1144;;
4A.175;сорочка;мужс.;;трик. спинка;;1251;1 126;1 001
4A.177;блуза;женс.;дл. рукав;с застрочками;;1265;1 139;1 012
4A.178;сорочка;мужс.;кор. рукав;с трик. спинкой;;1047;942;838
4A.179;блуза;женс.;кор. рукав;с трик. спинкой;;999;899;799
4А.185;майка;женс.;б/рукава;трикотаж;;323;291;258
4A.187;блуза;женс.;кор. рукав;"воротник ""шаль""";вопрос;998;898;798
4А.204;сорочка;мужс.;дл. рукав;обраб. манжета;вопрос;1318;1 186;1 054
4.220;футболка женская;;;;;561;476;420
4А.227;блуза;женс.;кор. рукав;стилиз., под корсет, глубок. горловина;;898;808;718
4А.227А;блуза;женс.;рукав 3/4;стилиз., под корсет, глубок. горловина;;942;848;754
4A.232;блуза;женс.;дл. рукав;со складочками;;1265;1 139;1 012
4A.232А;блуза;женс.;кор. рукав;рельеф от плеча,складочки;;942;848;754
4A.240A;блуза;женс.;кор.рукав;с муж.балансом;;878;790;702
4А.243;блуза;женс.;;;;781;703;625
4А.253;блуза;женс.;дл. рукав;ткань - шифон, без учета сублим;;1777;1 599;1 422
4А.260;блуза;женс.;кор. рукав;;вопрос;1137;1 023;910
4А.271;блуза;женс.;дл. рукав;с обраб. рюшей;;1551;1 396;1 241
4А.275-2;блузон;мужс.;дл. рукав;,толстовка,воротник стойка;вопрос;961;865;769
4А.292;Сорочка;мужс.;кор. рукав;воротник стойка;;998;898;798
4А.293;блуза;женс.;дл. рукав;;;1126;1 013;901
4А.294;Сорочка;мужс.;дл. рукав;воротник стойка;;1126;1 013;901
4а320;блуза;;кор.рукав;трикотаж;;957;861;766
4.342;блуза;;;;;994;845;745
6A.01;жилет;женс.;б/рукава;классический;;998;898;798
6A.01B;жилет;женс.;б/рукава;классич, без подкл;;894;805;715
6A.01D;жилет;женс.;б/рукава;двубортный;;1353;1 218;1 082
6A.01Е;жилет;женс.;б/рукава;англ. воротник, цельнокр.;;1320;1 188;1 056
6A.01Е-2;жилет;женс.;б/рукава;англ. ворот. втачной;;1320;1 188;1 056
6A.03Ж;жилет;женс.;б/рукава;с открыт. спиной;;986;887;789
6A.03M;жилет;мужс.;б/рукава;с открыт. спиной;;986;887;789
6А.06;жилет;женс.;;удлиненный;;1425;1 283;1 140
6А.06изм;жилет;женс.;;утепленный!;;1579;1 421;1 263
6A.07;жилет;женс.;;с воротником;;1207;1 086;966
6A.08;жилет;мужс.;;классический;;1340;1 206;1 072
6А.09;жилет;мужс.;;с воротником;;1440;1 296;1 152
6A.10;жилет;мужс.;;с воротником;;1360;1 224;1 088
6A.22Ж;жилет;женс.;б/рукава;стилизованный;;1522;1 370;1 218
6A.22М;жилет;мужс.;б/рукава;стилизованный;;1650;1 485;1 320
6.23;жилет;мужс.;;без подкладки;;948;805;711
6A.23;жилет;мужс.;б/рукава;классический;;1050;945;840
6A.23A;жилет;мужс.;б/рукава;классич, карман;;1254;1 129;1 003
6A.23A-2;жилет;мужс.;б/рукава;декор. отделка;;1440;1 296;1 152
6A.23B;жилет;мужс.;б/рукава;англ. ворот, карман;;1390;1 251;1 112
6A.24;жилет;женс.;б/рукава;классич, удлинен.;;1260;1 134;1 008
6A.24А;жилет;женс.;б/рукава;классич, удлинен.;;1260;1 134;1 008
6A.24B;жилет;женс.;б/рукава;двубортный, U-вырез, удлинен.;;1360;1 224;1 088
6A.24C;жилет;женс.;б/рукава;декор шнуровкой;;1450;1 305;1 160
6A.29B;корсет;женс.;б/рукава;на косточках;;1562;1 406;1 250
6A.42;жилет;женс.;;стилиз., с фартуком;;1260;1 134;1 008
6A.47;жилет;женс.;б/рукава;с открыт. спиной, без декора;;1121;1 009;897
6A.47;жилет;женс.;б/рукава;с открыт. спиной, с декором;;1285;1 157;1 028
6A.57;корсет;женс.;на лямках;на косточках, шнур сзади;;1428;1 285;1 142
6A.60;жилет;женс.;б/рукава;на баске, с отделк.;;1653;1 488;1 322
6A.60;жилет;женс.;б/рукава;на баске, без отдел.;;1499;1 349;1 199
6A.66;корсет;женс.;б/рукава;на косточках, шнур спереди;;1314;1 183;1 051
6A.66-2;корсет;женс.;б/рукава;б/косточек, шнур спереди;;916;824;733
6A.68;жилет;женс.;б/рукава;англ. воротник, завыш. плеч. линия;;1280;1 152;1 024
6А.69;жилет-фрак;женс.;;;;2990;2 691;2 392
6А.69;жилет-фрак;мужс.;;;;3135;2 822;2 508
6A.80;жилет;женс.;б/рукава;U-вырез;;1189;1 070;951
6A.87;жилет;женс.;б/рукава;манишка;вопрос;567;510;454
6А.89;корсет;женс.;на лямках;на косточках, шнур спереди;;1376;1 238;1 101
6А.89А;корсет;женс.;на лямках;на косточках, с отдел., шнур спереди;;1486;1 337;1 189
6А.89B;корсет;женс.;на лямках;на косточках, с отделкой, шнур сзади;;1486;1 337;1 189
6.96;жилет;женс.;;без подкладки;;998;848;748
6А.102;жилет;женс.;;с крылышками;;1396;1 256;1 117
6А.107;жилет;женс.;б/рукава;полоска;;1240;1 116;992
6А.121;жилет;женс.;б/рукава;сбербанк;;1461;1 315;1 169
6А.124;жилет;мужс.;б/рукава;двубортный;;1487;1 338;1 190
11,01б;жилет;женс.;б/рукава;вязаный;;1150;1 035;920
11.01A;жилет;мужс.;б/рукава;вязаный;;1260;1 134;1 008
0.08;Китель билбоя;мужс.;дл. рукав;с отделкой;;2812;2 531;2 250
0.09;китель банкетный;жен.;дл. рукав;б/подкл, б/отделки;;1738;1 477;1 182
0.09A;китель банкетный;жен.;дл. рукав;б/подкл, отд. галуном;;2134;1 749;1 399
0.09D;китель банкетный;жен.;дл. рукав;б/подкл, с косой застежкой;;2288;1 944;1 716
0.09D-2;китель банкетный;жен.;дл. рукав;б/подкл, с косой застеж, отд. галуном;;2618;2 225;1 963
0.10;китель банкетный;мужс.;дл. рукав;б/подл, б/отделки;;1738;1 477;1 390
0.10A;китель банкетный;мужс.;дл. рукав;на подкл, с галуном;;2750;2 335;2 062
0.10A-1;китель банкетный;мужс.;дл. рукав;б/подкл, отд. галуном;;2112;1 795;1 584
0.10B;китель банкетный;мужс.;дл. рукав;б/подкл, отд. галуном;;2486;2 113;1 864
0.10B-1;китель банкетный;мужс.;дл. рукав;на подкл, с галуном;;2985;2 687;2 230
0.10B-2;китель банкетный;мужс.;дл. рукав;б/подкл., липучки д/погонов;;2134;1 707;1 600
0.10C;китель банкетный;мужс.;кор. рукав;б/подкл, б/отделки;;1320;1 056;924
0.10C;китель банкетный;мужс.;кор. рукав;б/подкл, отд. галуном;;1452;1 162;1 016
0.10C;китель банкетный;мужс.;кор. рукав;б/подкл, с вышивкой;;1790;1 408;1 250
0.10C-2;китель банкетный;мужс.;дл. рукав;б/подкл, отд. галуном;вопрос;2376;1 900;1 675
0.10D;китель банкетный;мужс.;дл. рукав;б/подкл, смещ.  застежка, б/отделки;вопрос;2464;1 985;1 755
0.10D-2;китель банкетный;мужс.;дл. рукав;б/подкл, смещ. заст., отд. галуном;вопрос;2794;2 236;1 955
0.50;китель банкетный;мужс.;дл. рукав;на подкл, рельефы;;2920;2 336;2 044
0.50А;китель банкетный;мужс.;дл. рукав;б/подкл, рельефы;;2354;1 930;1 678
0.51;китель банкетный;женс.;дл. рукав;на подкл., рельефы;;2795;2 236;1 956
1.04;платье;женс.;кор. рукав;расклешенное;;1257;1 131;1 006
1.04А;платье;женс.;дл. рукав;прямое;;1176;1 058;941
1.05;халат;мужс.;дл. рукав;прямой, б/пояса;;1106;995;885
1.05A;халат;мужс.;дл. рукав;укороченный;;946;851;757
1.05B;халат;мужс.;дл. рукав;укороченный, малого объема;;857;771;686
1.05B-1;халат;мужс.;дл. рукав;укороченный, малого объема, с хлястиком;;907;816;726
1.14;халат;мужс.;рукав 3/4;прямой,накладные карманы;;970;873;776
1.15;халат;женс.;дл. рукав;съемный пояс;;990;891;792
1.15А;халат;женс.;кор. рукав;съемный пояс;;895;806;716
1.15B;халат;женс.;рукав 3/4;съемный пояс;;990;891;792
1.16;халат;женс.;дл. рукав;с полупоясом;;1133;1 020;906
1.16A;халат;женс.;рукав 3/4;;;990;891;792
1.16B;халат;женс.;;;;990;891;792
1.18;халат;женс.;дл. рукав;прямой, б/пояса;;1078;970;862
1.18A;халат;женс.;дл. рукав;с полупоясом;;1078;970;862
1.18B;халат;женс.;рукав 3/4;с полупоясом;;990;891;792
1.18C-1;халат;женс.;кор. рукав;с полупоясом;;895;806;716
1.18C-2;халат;женс.;кор. рукав;встречная складка на спине;;990;891;792
1.18D;халат;женс.;кор. рукав;"фигурн. манжеты, воротник ""апаш""";;1176;1 058;941
1.21;халат;женс.;дл.рукав;с отделкой;;1078;970;862
1.21A-1;халат;женс.;дл. рукав;с отделкой;;1078;970;862
1.21A-2;халат;женс.;дл. рукав;с отделкой;;1078;970;862
1.21B;халат;женс.;кор. рукав;с отделкой;;895;806;716
1.21C;халат;женс.;рукав 3/4;с отделкой;;990;891;792
1.21F;халат;женс.;рукав 3/4;с отделкой;;990;891;792
1.23А;халат;женс.;кор. рукав;с пуг. д/передника;;1079;971;863
-;передник;женс.;;к мод. 1.23А;;399;359;319
1.26А;халат;жен.;кор. рукав;с отделкой;;1480;1 332;1 184
1.26В;платье-халат;женс.;кор. рукав;сафари;;1523;1 371;1 218
1.29А;халат;женс.;дл.рукав;без воротника,накладные карманы;;1173;1 056;938
1.29B;халат;женс.;кор.рукав;;;1135;1 022;908
1.30;платье;женс.;кор. рукав;;;920;828;736
1.30A;платье;женс.;рукав 3/4;;;1060;954;848
1.35;халат;женс.;б/рукава;халат-накидка;;1130;1 017;904
1.37;платье горничной;женс.;рукав 3/4;классическое;;1799;1 619;1 439
1.38;платье горничной;женс.;б/рукава;классическое;;1439;1 295;1 151
1.58;платье;женс.;кор. рукав;"см. раздел ""Трикотаж""";вопрос;1599;1 439;1 279
1.61;халат;женс.;дл. рукав;;вопрос;1041;937;833
1.61;халат;женс.;кор. рукав;;;878;790;702
1.66;платье;женс.;кор. рукав;классическое;вопрос;1778;1 600;1 422
1.77;сарафан;женс.;без рукавов;сарафан с отрезной л.талии,юбка по косой;вопрос;1991;1 792;1 593
1.85;платье;женс.;б/рукава;"см. раздел ""Трикотаж""";вопрос;1100;990;880
1.89;платье;женс.;кор. рукав;с отделкой;вопрос;1797;1 617;1 438
1.91;платье;женс.;до локтя;д/горничной;вопрос;1903;1 713;1 522
1.94;платье;женс.;кор. рукав;д/горничной;вопрос;1089;980;871
1.96;платье;женс.;кор. рукав;д/горничной;вопрос;1089;980;871
1.97;платье-фартук;;;;вопрос;847;762;678
1.220;платье-сарафан;;;без подкладки;вопрос;1826;1 643;1 461
2.03A;брюки;женс.;-;прямые, с молнией;;920;828;736
2.03A-2;брюки;женс.;-;прямые, заниж талия;;920;828;736
2.07M;брюки;мужс.;-;рез. сзади, молния;;843;759;674
2.07M-D;брюки;мужс.;-;;;935;842;748
2.07Ж-D;брюки;женс.;-;с молн., шлевки, отделка, светоотр;;998;898;798
2.08Ж;брюки;женс.;-;резинка со вставкой;;697;627;558
2.08Ж-A;брюки;женс.;-;на резинке, со шнуром, регул. патой;;775;698;620
2.10A;брюки;женс.;-;рабочие;;823;741;658
2.12;брюки;мужс.;-;на рез, со шнуром, карманы, отвороты;;869;782;695
2.12A;брюки;мужс.;-;б/карманов, б/отвор;;772;695;618
2.12B;брюки;мужс.;-;б/отворотов;;816;734;653
2.12Е;брюки;мужс.;-;упрощенные;;599;539;479
2.15;брюки;женс.;-;;;820;738;656
2.15A;брюки;женс.;-;с молн., с разрезами;;840;756;672
2.15B;брюки;женс.;-;бриджи, с молнией;;739;665;591
2.18;брюки;мужс.;-;утепленные;;1261;1 135;1 009
2.19A;брюки;женс.;-;бриджи, на резинке;;585;527;468
2.20A;брюки;мужс.;-;прямые, укороч (7/8);;590;531;472
2.23;брюки;мужс.;-;спорт, молнии внизу;;990;891;792
2.23A;брюки;мужс.;-;спорт, молнии внизу;;948;853;758
2.32A;брюки;женс.;-;капри, со вставками;;768;691;614
2.42;платье - шорты;женс.;-;с пряжкой, из рабоч. ткани;;1109;998;887
2.45;брюки;мужс.;-;с молнией, заниж. т., карманы, шлевки;;1153;1 038;922
2.45B;брюки;мужс.;-;защипы, паты;;1186;1 067;949
2.46;брюки;женс.;-;укороч. (бриджи);;680;612;544
2.46A;брюки;женс.;-;на рез, со шнуром;;783;705;626
2.47;брюки;женс.;-;рабочие;;990;891;792
2.87;брюки;мужс.;;;;4268;3 625;2 987
2.61;брюки;женс.;;;;889;800;711
2.90;брюки;;;рабочие;;713;642;570
2.90а;брюки;;;;;943;849;754
2.64M;брюки;мужс.;-;джинсы;;1584;1 380;1 287
2.94;брюки;мужс.;;;;1573;1 416;1 258
2.94а;брюки;мужс.;;с доп карманами и светоотр лент;;1716;1 544;1 373
2.64Ж;брюки;женс.;-;джинсы;;-;-;1 342
3.03A;юбка;женс.;по колено;без подкладки;;690;621;552
2.75;;;;;;;0;0
3.30;юбка;женс.;;;;752;677;602
3.41;сарафан;женс.;;Православная школа;;;0;0
4C.12;китель пов.;мужс.;рукав 7/8;углуб. горл, рельефы;;990;891;792
4C.12A;китель пов.;мужс.;дл. рукав;углуб. горл, рельефы;;1186;1 067;949
4C.12B;китель пов.;мужс.;кор. рукав;углуб. горл, рельефы;;970;873;776
4C.12С;китель пов.;мужс.;кор. рукав;углуб. горл, рельефы;;970;873;776
4C.12D;китель пов.;мужс.;рукав 3/4;углуб. горл, рельефы, пата на рукаве;;1166;1 049;933
4C.12F;китель пов.;мужс.;рукав 7/8;углуб. горл, рельефы, пата на рукаве;;1186;1 067;949
4C.12G;китель пов.;мужс.;кор. рукав;углуб. горл, рельефы;;970;873;776
4C.12H;китель пов.;мужс.;рукав 7/8;углуб. горл, рельефы;;1186;1 067;949
4C.12K;китель пов.;мужс.;рукав 7/8;углуб. горл, рельефы, съемн. центр. часть;;990;891;792
4C.12Э;китель пов.;мужс.;дл. рукав;углуб. горл, рельефы, б/манжет, б/отделки;;990;891;792
4C.14;китель пов.;мужс.;кор. рукав;косая застежка;;970;873;776
4C.14A;китель пов.;мужс.;рукав 7/8;косая застежка;;990;891;792
4C.14C;китель пов.;мужс.;кор. рукав;косая застежка, ворот - плоск. стойка;;970;873;776
4C.14D-1;китель пов.;мужс.;рукав 3/4;косая застежка на молнию;;990;891;792
4C.14E;китель пов.;мужс.;дл. рукав;косая застежка, ворот - плоск. стойка, с отд;;1186;1 067;949
4C.14F;китель пов.;мужс.;дл. рукав;косая застежка, ворот - плоск. стойка;;1186;1 067;949
4C.37;китель пов.;женс.;кор. рукав;углуб. горл, рельефы;;970;873;776
4C.38;китель пов.;женс.;кор. рукав;рельефы, кант;;980;882;784
4C.38A;китель пов.;женс.;рукав 3/4;рельефы, кант, пата;;990;891;792
4C.38B;китель пов.;женс.;рукав 7/8;рельефы, кант;;990;891;792
4C.38C;китель пов.;женс.;дл. рукав;рельефы, кант;;1186;1 067;949
4C.38D;китель пов.;женс.;кор. рукав;рельефы, одноборт. застежка на пугов.;;970;873;776
4C.51;китель пов.;мужс.;рукав 7/8;рельевы, б/отделки;;980;882;784
4C.51A;китель пов.;мужс.;рукав 3/4;рельефы, пата на рукаве, канты;;990;891;792
4C.51B;китель пов.;мужс.;рукав 3/4;рельевы, одноб. застежка, прорез. карманы;;1186;1 067;949
4C.51B-2;китель пов.;мужс.;рукав 3/4;с наклад. карман.;;896;806;717
4C.51С;китель пов.;мужс.;рукав 7/8;с декор. патой спереди и на рукав.;;990;891;792
4C.51D;китель пов.;мужс.;дл. рукав;рельефы, удлин. угол борта;;980;882;784
4C.51E;китель пов.;мужс.;рукав 7/8;рельефы, одноборт. застежка, канты;;990;891;792
4C.78B;китель пов.;мужс.;кор. рукав;однобортн., кант;;970;873;776
4С.78K;;;;;;1162;1 046;930
4C.199;китель пов.;мужс.;рукав 3/4;трикотаж. спинка;;950;855;760
4C.262;китель пов.;мужс.;рукав 7/8;плосколеж. стойка, с отдлекой;;990;891;792
4C.267;китель пов.;;;;;1069;962;855
4с.300;китель пов.;;;;;1118;1 006;894
4B.14D;кимоно;мужс.;рукав 3/4;заст. на молнию;;990;891;792
4B.14D-1;кимоно;мужс.;рукав 3/4;комб. по цвету, застежка на молнию;;990;891;792
4B.82;кимоно;женс.;рукав 3/4;заст. на молнию;;926;833;741
4B.82M;кимоно;мужс.;;;;999;899;799
4B.87;кимоно;уни;рукав 3/4;на запах, завяз.;;1140;1 026;912
4B.106;туника;женс.;;;;822;740;658
4B.120;кимоно;уни;рукав 7/8;супат. застеж, стойка;;928;835;742
4B.14D;туника;мужс.;рукав 3/4;заст. на молнию;;1165;1 049;932
4B.17;туника;женс.;кор. рукав;с отдел, рельефы;;980;882;784
4B.20;туника;женс.;кор. рукав;с отдел, прорез карм;;980;882;784
4B.20A;туника;женс.;кор. рукав;с отдел, накл. карм.;;914;823;731
4B.24;туника;мужс.;дл. рукав;отлож. ворот, карм;;990;891;792
4B.24b-1;туника;мужс.;;;;;0;0
4B.28;туника;женс.;кор. рукав;складки д/свободы;;980;882;784
4B.28А;туника;женс.;рукав 3/4;складки д/свободы;;1150;1 035;920
4B.31;туника;мужс.;кор.рукав;рельефы,накладные карманы;;829;746;663
4B.32C;туника;женс.;кор.рукав;;;920;828;736
4B.32Ж;туника;женс.;кор.рукав;;;832;749;666
4B.32M;туника;мужс.;кор.рукав;обтачка по горловине;;874;787;699
4B.33Ж;туника;женс.;кор.рукав;;;836;752;669
4B.34;туника;мужс.;кор. рукав;;;916;824;733
4В.40;туника;женс.;кор. рукав;на пугов, с отделкой;;953;858;762
4В.40А;туника;женс.;;;;953;858;762
4B.40C;туника;женс.;кор. рукав;на молнии, с отдел.;;1100;990;880
4B.67;туника;женс.;кор. рукав;;;930;837;744
4B.53;туника;женс.;кор. рукав;с отделкой;;920;828;736
4B.64;туника;женс.;;Пластэк с прорезными карман. Стайл;;1089;980;871
4B.64А;туника;женс.;кор. рукав;встреч. складка;;1089;980;871
4B.64B;туника;женс.;кор. рукав;встреч. складка;;1089;980;871
4B.64C;туника;женс.;кор. рукав;встреч. скл, отделка;;1089;980;871
4B.65A-2;туника;мужс.;кор. рукав;на запах, V-вырез;;765;689;612
4B.67А;туника;женс.;кор. рукав;с отделкой;;930;837;744
4B.68A;туника;женс.;;;;998;898;798
4B.69;туника;женс.;;;;998;898;798
4B.97;туника;женс.;крылышки;с отделкой;;910;819;728
4B.98;туника;женс.;кор. рукав;с отделкой;;944;850;755
4B.98А;туника;женс.;рукав 3/4;с отделкой;;964;868;771
4B.98B;туника;женс.;дл. рукав;с отделкой, пата;;1064;958;851
4B.105;туника;женс.;рукав 3/4;кинеф;;1289;1 160;1 031
4B.111A;туника;женс.;б/рукава;рельефы, полупояс;;799;719;639
4B.119;туника;женс.;кор. рукав;трикотаж, V-вырез;;920;828;736
4B.119А;туника;женс.;рукав 3/4;рубаш. крой;;946;851;757
4B.119B;туника;женс.;рукав 3/4;с отделкой;;998;898;798
4B.119С;туника;женс.;до локтя;рубаш. крой;;946;851;757
4A.123A;рубашка-поло;уни;кор. рукав;карман на рукаве;;876;788;701
4B.122A;туника;мужс.;кор. рукав;;;998;898;798
4A.123;рубашка-поло;уни.;кор.рукав;с патой на рукаве;;851;766;681
4B.127;туника;женс.;кор. рукав;рельефы, отделка;;1087;978;870
4B.128;туника;женс.;кор. рукав;укороченная;;1135;1 022;908
4B.129;туника;женс.;дл. рукав;жакет-туника;;974;877;779
4B.129А;туника;женс.;рукав 3/4;жакет-туника;;937;843;750
4А.143;блуза;женс.;;;;;0;0
4А.144;блуза;женс.;;;;;0;0
4B.150;туника;женс.;кор. рукав;кнопки, встр складка;;1050;945;840
4B 150A;туника;женс.;кор. рукав;комбинир. по цвету;;1050;945;840
4B.150B;туника;женс.;кор. рукав;сквоз. центр. застеж;;1050;945;840
4B.150С;туника;женс.;дл. рукав;сквоз. центр. застеж;;1250;1 125;1 000
4B.151;туника;женс.;;;;;0;0
4B.151A;туника;женс.;кор. рукав;реглан;;897;807;718
4B.155;туника;уни;кор. рукав;теремок;;782;704;626
4B.155A;туника;уни;кор. рукав;теремок,с карманом;;824;742;659
4B.156;туника;мужс.;кор. рукав;наклад. Карманы;;916;824;733
4B.157;туника;женс.;;;;836;752;669
4B.167;;;;;;;0;0
4B.191;туника;женс.;кор. рукав;трикотаж!!!;;814;733;651
4B.263Ж;туника;женс.;кор. рукав;стилизиванная;;1100;990;880
4B.263М;туника;мужс.;кор. рукав;стилизованная;;1188;1 069;950
4B.264;туника;;;;;;0;0
4B.269;туника;;;;;;0;0
4В.301;туника;;;;;;0;0
5.01;фартук;;104х80;с грудкой;;583;525;466
5.02;передник;;104х80;б/грудки, б/канта;;429;386;343
5.02;передник;;104х80;б/грудки, с кантом;;495;446;396
5.03;фартук;уни;70х95;на лямке, карман;;490;441;392
5.03А;фартук;уни;70х66;на лямке, без кармана;;462;416;370
5.03А2;фартук;уни;75х66;на лямке, без кармана;;462;416;370
5.70B;фартук;уни;;на лямке, комбинир;;727;654;582
5.03B;фартук;уни;95х70;с грудкой, комбинир.;;499;449;399
5.03с;фартук;уни;;расширенный с большим карманом;;;0;0
5.03удлин;фартук;уни;95х70;удлинен;;;0;0
5.04;передник;уни;106х77;б/отделки, Дл=77;;396;356;317
5.04-2;передник;уни;106х70;б/отделки, Дл=70;;385;347;308
5.04-3;передник;уни;106х60;б/отделки, Дл=60;;363;327;290
5.04A-3;передник;уни;106х76;бок. карман;;540;486;432
5.04A-4;передник;уни;106х90;бок. карман, шлевки;;660;594;528
5.04B;передник;уни;106х45;карман спереди;;396;356;317
5.04B-2;передник;уни;106х45;карман спереди;;399;359;319
5.04С-1;передник;уни;106х77;отворот с кантом;;484;436;387
5.04С-3;передник;уни;106х77;"отворот с кантом, карманы ""обманки""";;528;475;422
5.04A-2;передник;уни;106х57;б/отдел, карманы;;540;486;432
5.04D;передник;уни;108х75;с отделкой;;440;396;352
5.04D-2;передник;уни;;;;;0;0
5.04H;передник;уни;106х90;б/отделки, Дл=90;;499;449;399
5.04F;передник;уни;106х77;двойной, с отделкой;;673;606;538
5.04G-1;передник;уни;78х57;б/отделки;;425;383;340
5.04G-2;передник;уни;100х87;б/отделки;;414;373;331
5.04R;передник;уни;90х60;с карманом;;411;370;329
5.04Q1;передник;;;;;;0;0
5.12;передник;;;;;390;351;312
5.16;платье-фартук;женс.;;V-вырез, на застежке;;862;776;690
5.28A;передник;;;;;396;356;317
5.29;передник;уни;дл65-74;прор. петля;;473;426;378
5.32е;платье-фартук;;;;;;0;0
5.32;платье-фартук;женс.;;накидка, на завязках;;687;618;550
5.35;фартук;женс.;дл60;с грудкой, на лямке;;374;337;299
5.37;платье-фартук;женс.;;накидка, на завязках;;682;614;546
5.40;сарафан;;;;;748;673;598
5.42;передник;уни;дл74;прор. петли, карман;;946;851;757
5.43;;;;;;990;891;792
5.43A;;;;Пластек;;968;871;774
5.45А;фартук;;;;;;0;0
5.46;фартук;;;;;;0;0
5.54A;платье-фартук;;;;;814;733;651
5.54C;платье-фартук;;;;;814;733;651
5.55;передник;уни;х74;шлевки, прор. петля;;484;436;387
5.55A;передник;уни;х90;шлевки, прор. петля, карман в рамку;;536;482;429
5.55B;передник;уни;х74;шлевки, прор. петля, накл. Карман;;499;449;399
5.55B-2;передник;уни;х90;шлевки, прор. петля, карман в рамку;;588;529;470
5.55C;передник;уни;х41;шлевки, прор. петля;;489;440;391
5.58A;передник;;;укороченный;;396;356;317
5.59;платье-фартук;;;;;966;869;773
5.65;сарафан;женс.;;джинс;;1100;990;880
5.67;накидка;уни;;рекламная;;440;396;352
5.69;фартук;уни;;д/мойщика;;499;449;399
5.70;фартук;уни;;на лямках, двойной;;726;653;581
5.70А;фартук;уни;;на лямках, одинар.;;572;515;458
5.70С;фартук;уни;;на лямках, карман;;583;525;466
5.70D;фартук;уни;;рамки-петли;;759;683;607
5.77;фартук;уни;;на лямках, рельефы;;640;576;512
5.77А;фартук;уни;;на лямках, рельефы;;640;576;512
5.80;передник;уни;х41;двойной карман;;451;406;361
5.82;передник;;;;;399;359;319
5.86;передник;;;накидка, на завязках;;728;655;582
5.87;передник;женс.;-;накидка, на завязках, кант;;596;536;477
5.87A;передник;женс.;-;накидка, на завязках;;596;536;477
5.87B-2;передник;женс.;-;накидка, на завязках;;631;568;505
5.87С;передник;женс.;-;накидка, на завязках;;596;536;477
5.87D;передник;женс.;-;накидка, на завязках;;599;539;479
5.89;передник;женс.;;со сборкой;;570;513;456
5.91;платье-фартук;женс.;-;эл. тесьма на талии;;814;733;651
5.94;передник;мужс.;-;удлинен., стилиз.;;1331;1 198;1 065
5.96Ж;фартук;женс.;-;"атлас ворот ""шаль"", б/запах.";;880;792;704
5.96Ж-А;фартук;женс.;;"ворот ""шаль"", с запахом сзади";;893;804;714
5.96М;фартук;мужс.;-;"атлас. ворот ""шаль"", б/запах.";;858;772;686
5.96М-А;фартук;женс.;;"ворот ""шаль"", с запахом сзади";;899;809;719
5.98;;;;;;1188;1 069;950
5.101;фартук;мужс.;-;лямка ч/шею;;649;584;519
5.101B;фартук;мужс.;-;лямка ч/шею;;649;584;519
5.104;передник;женс.;-;удлинен., стилиз.;;1364;1 228;1 091
5.104C;передник;женс.;-;;;;0;0
5.107;фартук;женс.;-;лямка ч/шею;;580;522;464
5.107A;фартук;женс.;;лямка ч/шею;;510;459;408
5.108;передник;женс.;х74;стилиз, из 2х полот.;;952;857;762
5.108A;передник;женс.;;с отделкой;;999;899;799
5.109;передник;мужс.;;стилиз, из 2х полот.;;987;888;790
5.110;передник;женс.;;укороченный;;385;347;308
5.110B;передник;женс.;;с шитьем;;399;359;319
5.118;передник;женс.;;накидка, на лямках;;737;663;590
5.120;передник;женс.;;накидка, на завязках;;737;663;590
4B.82A;кимоно;женс.;рукав 3/4;удлинен., заст. на мольнию;;944;850;755
5.121;фартук;;;с люверсом;;630;567;504
5.125;передник;уни;90х80;;;546;491;437
5.125A;передник;уни;90х80;шлевки, разрез, накл. карман;;496;446;397
5.125с;передник;уни;;прорезной карман;;;0;0
5.131;фартук;женс.;;;;;0;0
5.131A;фартук;женс.;89х;с грудкой, на лямках, навес. карман;;880;792;704
5.132;передник;;;;;;0;0
5.143;фартук;женс.;;"стилиз. ""жилет""";;748;673;598
5.143С;фартук;женс.;;;;827;744;662
5.143е;фартук;женс.;;с запахом;;895;806;716
5.144;фартук;мужс.;;"стилиз. ""жилет""";;774;697;619
5.149;передник;;;на ремне;;440;396;352
5.156А;передник;;;;;;0;0
5.169;передник;;;Игора;;777;699;622
5.171;фартук-накидка;;;;;770;693;616
5.172;;;;;;;0;0
5.174;фартук;уни;84х60;с грудкой, на лямке;;524;472;419
5.186;??;;;;;;0;0
5.187;??;;;;;;0;0
5.198;передник;;;;;;0;0
5.202;передник;;;диво остров;;550;495;440
5.211;передник;;;;;730;657;584
5.220;передник с карманом чемодан;;;;;549;494;439
10.52;Пояс-карман;;;;;336;302;269
10.53;Пояс-карман;;;;;210;189;168
6B.12;жилет;мужс.;б/рукава;стеганый, пуговицы;;1628;1 465;1 302
6B.12А;жилет;мужс.;б/рукава;с отдел. вставкой;;1523;1 371;1 218
6B.12B;жилет;мужс.;б/рукава;стеганый, б/отделки;;1460;1 314;1 168
6B.12С;жилет;мужс.;б/рукава;стеганый, б/отделки;;1460;1 314;1 168
6В.13;жилет;женс., муж;;флис;;1197;1 077;958
6B.14B;жилет;женс., муж;;стеганый, с отдел.;;1575;1 418;1 260
6B.14B-Ж2;жилет;женс.;б/рукава;утепл, с капюшоном;;1575;1 418;1 260
6B.15;жилет;мужс.;б/рукава;утепл, со светоотр.;;1596;1 436;1 277
6B.18;жилет;женс.;б/рукава;стеганый, пуговицы;;1554;1 399;1 243
6B.18A;жилет;женс.;б/рукава;с отдел. вставкой;;1680;1 512;1 344
6B.18B;жилет;женс.;б/рукава;стеганый, б/отделки;;1512;1 361;1 210
6B.18C;жилет;женс.;б/рукава;стеганый, б/отделки;;1512;1 361;1 210
6B.18D;жилет;женс.;б/рукава;гориз стежка;;1428;1 285;1 142
6B.25;жилет;женс.;б/рукава;стеганый, молния;;1470;1 323;1 176
6B.25A;жилет;женс.;б/рукава;стеганый, с отдел. вставкой;;1596;1 436;1 277
6B.25B;жилет;женс.;б/рукава;стеганый, б/отделки;;1428;1 285;1 142
6B.25C;жилет;женс.;б/рукава;стеганый, б/отделки;;1428;1 285;1 142
6B.25D;жилет;женс.;б/рукава;V-вырез, верт стежка;;1470;1 323;1 176
6B.26;жилет;мужс.;б/рукава;стеганый, молния;;1540;1 386;1 232
6B.26А;жилет;мужс.;б/рукава;с отдел. вставкой;;1716;1 544;1 373
6B.26B;жилет;мужс.;б/рукава;стеганый, б/отделки;;1470;1 323;1 176
6B.26С;жилет;мужс.;б/рукава;стеганый, б/отделки;;1470;1 323;1 176
6B.26D;жилет;мужс.;б/рукава;гориз стежка, карман;;1565;1 409;1 252
6B.44;жилет;женс.;;утепленный;;1292;1 163;1 034
6B.45;жилет;мужс.;;утепленный;;1355;1 220;1 084
6B.52;жилет;мужс.;б/рукава;на сетке, карманы;;1449;1 304;1 159
6B.56;жилет;женс.;;стилизованный;;;0;0
6.61;жилет;женс.;;летний;;;0;0
6.61g;жилет;женс.;;;;;0;0
6B.71;жилет;женс.;;с утепл. спинкой;;1476;1 328;1 181
6А.71;жилет;;;с утепл. спинкой;;1476;1 328;1 181
6B.71A;жилет;женс.;;с утепл. спинкой;;1476;1 328;1 181
6B.73A;жилет;мужс.;б/рукава;с отд, с капюшоном;;1659;1 493;1 327
6B.75;жилет;мужс.;б/рукава;стеганый, дутый;;1554;1 399;1 243
6B.76;жилет;мужс.;б/рукава;стеганый, с отделкой;;1990;1 791;1 592
6B.92;жилет;женс.;б/рукава;стеганый, дутый;;1197;1 077;958
6B.98;жилет;женс.;б/рукава;утеплен.;;1323;1 191;1 058
6B.98А;жилет;женс.;б/рукава;утеплен.;;1299;1 169;1 039
6.99;жилет;;;;;;0;0
6.103;жилет;;;;;;0;0
6B.111;жилет;;;утепленный;;;0;0
6B.113;жилет;женс.;без карманов;на термостежке;;992;893;-
7.01Ж;куртка;женс.;дл. рукав;утепл, стег, капюшон;;3255;2 930;2 604
7.01Ж-С;куртка;женс.;дл. рукав;утепл, капюшон;;3168;2 851;2 534
7.01М;куртка;мужс.;дл. рукав;утепл, стег, капюшон;;3399;3 059;2 719
7.05М;куртка;мужс.;дл. рукав;б/подкл., неутепл.;;1785;1 607;1 428
7.05М-A;куртка;мужс.;дл. рукав;б/подкл, светоотраж.;;1827;1 644;1 462
7.05М-A2;куртка;мужс.;дл. рукав;на сетке, светоотраж.;;1999;1 799;1 599
7.05М-B;куртка;мужс.;дл. рукав;б/подкл, комбинир. по цвету;;1785;1 607;1 428
7.05Ж-A;куртка;женс.;дл. рукав;б/подкл., светоотраж.;;1743;1 569;1 394
7.05Ж-F;куртка;женс.;дл. рукав;б/подкл., комбин. цв.;;1680;1 512;1 344
7.06B;куртка;мужс.;дл. рукав;б/подкл, карманы;;1790;1 611;1 432
7.06C;куртка;мужс.;дл. рукав;б/подкл, комб. цв.;;1790;1 611;1 432
7.06D;куртка;мужс.;дл. рукав;б/подкл, карманы;;1890;1 701;1 512
7.06F;куртка;мужс.;дл. рукав;б/подкл, комб. цв.;;1790;1 611;1 432
7.06H;куртка;мужс.;дл. рукав;б/подкл, комб. цв.;;1764;1 588;1 411
7.07А;куртка;мужс.;;б/подкл, карманы;;2100;1 890;1 680
7.08;куртка-ветровка;уни;дл. рукав;б/подкл., капюшон;;1554;1 399;1 243
7.08A;куртка;уни;дл. рукав;с подстежкой;;1974;1 777;1 579
7.08C;куртка;уни;дл. рукав;на сетке, капюшон;;1785;1 607;1 428
7.09;плащ;уни;дл. рукав;;;1958;1 762;1 566
7.16Ж;куртка;женс.;дл. рукав;толстовка, флис;;-;1 282;1 026
7.16М;куртка;мужс.;дл. рукав;толстовка, флис;;-;1 460;1 168
7.25A;куртка;мужс.;дл. рукав;утепл., капюшон;;3500;3 150;2 800
7.26;куртка;мужс.;дл. рукав;б/подкл, отд. кантом;;1764;1 588;1 411
7.37;куртка;мужс.;дл. рукав;на сетке, капюшон, светоотраж. лента;;2730;2 457;2 184
7.37B-1;куртка;;;;;;0;0
7.38;куртка;мужс.;дл. рукав;на сетке, с капюш., с отделкой;;2793;2 514;2 234
7.39;куртка;мужс.;дл. рукав;д/охранных структур;;2856;2 570;2 285
7.42;куртка;мужс.;;;;;0;0
7.43;куртка;мужс.;;б/подкл, карманы;;1848;1 663;1 478
7.43А;куртка;мужс.;дл. рукав;комб. цв, карманы;;1848;1 663;1 478
7.49;куртка;мужс.;дл. рукав;утепл, комб. по цвету, с капюшоном;;3927;3 534;3 142
7.51;куртка;мужс.;дл. рукав;утепл, комб. цв, капюш, с подстежкой;;2900;2 610;2 320
7.51А;куртка;мужс.;дл. рукав;утепл, комб по цвету, с капюш, светотраж;;3200;2 880;2 560
7.51B;куртка;мужс.;дл. рукав;утепл, комб. по цвету, с капюшоном;;3119;2 807;2 495
7.51B-2;куртка;мужс.;дл. рукав;утепл, с капюшоном;;2990;2 691;2 392
7.51C;куртка;мужс.;дл. рукав;утепл, комб. по цвету, с капюшоном;;2990;2 691;2 392
7.52;куртка;;;;;5300;4 770;4 240
7.60;куртка;мужс.;дл. рукав;;;;0;0
7.61;куртка;мужс.;;дутая, с отделкой;;2890;2 601;2 312
7.61А;куртка;мужс.;;;;;0;0
7.64A;куртка;женс.;;;;2990;2 691;2 392
7.68;куртка;мужс.;дл. рукав;утепл, комб. по цвету, с капюшоном;;3318;2 986;2 654
7.69;куртка-ветровка;мужс.;дл. рукав;на флисе, б/капюш;;1995;1 796;1 596
7.70;куртка;;;флис;;;0;0
7.78;куртка;женс.;дл. рукав;утепл, без стежки;;2860;2 574;2 288
7.79;куртка;муж.;дл. рукав;утепл, без стежки;;3124;2 812;2 499
7.81Ж;куртка;женс.;дл. рукав;с вязаным воротом и рукавами;;2480;2 232;1 984
7.82;куртка;;;;;;0;0
7.83;куртка;;;;;;0;0
7.85;куртка;;;;;;0;0
7.86;куртка;;;;;;0;0
7.87;куртка;;;;;;0;0
7.88;куртка;;;;;4554;4 099;3 643
7.89;куртка;жен;;;;;0;0
7.90b;куртка;женс.;дл. рукав;толстовка, флис;;-;1 282;1 026
8.02;полукомбинезон;мужс.;-;неутепл, на лямках;;1733;1 560;1 386
8.04;полукомбинезон;женс.;-;неутепл, на лямках;;1596;1 436;1 277
8.09A;полукомбинезон;мужс.;;утеплен, на лямках;;1999;1 799;1 599
8.10;комбинезон мужской;мужс.;дл. рукав;неутепл, комбинир.;;2373;2 136;1 898
8.12;полукомбинезон;мужс.;-;карманы;;1848;1 663;1 478
8.18;полукомбинезон;мужс.;;неутепл, на лямках, светотраж.;;1743;1 569;1 394
8.18A;полукомбинезон;мужс.;-;неутепл, на лямках, светотраж.;;1743;1 569;1 394
8.19;полукомбинезон;мужс.;-;утеплен, светоотраж;;1999;1 799;1 599
8.20;полукомбинезон;мужс.;-;неутепл, светоотраж;;1680;1 512;1 344
8.23;полукомбинезон;мужс.;-;;вопрос;2480;2 232;1 984
8.24;полукомбинезон;женс.;-;утепленный, с отд.;;2121;1 909;1 697
8.28;полукомбинезон;мужс.;;;;2480;2 232;1 984
8.28а;полукомбинезон;мужс.;;с доп.кармани светоотр пол;;2590;2 331;2 072
8.29;полукомбинезон;;-;утепленный;;2156;1 940;1 725
9.01;колпак поварс.;уни;-;;;321;289;257
9.02;колпак поварс.;уни;-;;;572;515;458
9.02A;колпак поварс.;уни;-;;;572;515;458
9.04;колпак поварс.;уни;-;;;374;337;299
9.05;берет поварской;уни;-;;;304;274;243
9.06;таблетка;уни;-;;;319;287;255
9.08A;наколка;женс.;-;на липучке;;293;264;234
9.09;наколка;;-;;;293;264;234
9.09A;наколка;;-;"""Невс. Берега""";;293;264;234
9.11;????;;;;;376;338;301
9.17;шапочка;;-;тучка;;319;287;255
9.19;пилотка;женс.;-;с отворотом;;264;238;211
9.19A;пилотка;женс.;-;;;314;283;251
9.19Д;пилотка;женс.;-;????;;314;283;251
9.21;панама;;-;;;330;297;264
9.22;пилотка;женс.;-;с фигурным отворот;;334;301;267
9.24;;;;;;322;290;258
9.47;кепка;;-;форменная зимняя;;583;525;466
9.47C;шапка-ушанка;уни;-;;;660;594;528
9.50B;шапочка поварс.;уни;-;;;330;297;264
9.50D;шапочка поварс.;уни;-;;;330;297;264
9.53;треуголка;уни;-;;;616;554;493
9.55;козырек;уни;-;б/отделки;;230;207;184
9.55;козырек широк.;уни;-;с отделкой кант;;425;383;340
9.55А;козырек узкий;уни;-;;;220;198;176
9.55B;;;;;;279;251;223
9.55D;козырек узкий;уни;-;;;197;177;158
1851;козырек;уни;-;готовый;;99;89;79
9.61A;берет;;-;с помпоном;;462;416;370
9.64;наколка;;-;;;293;264;234
9.70B;берет;уни;-;стилизованный;;638;574;510
9.71;бандана;уни;-;;;286;257;229
9.71A;бандана;уни;-;;;277;249;222
9.74;косынка;;-;бандана;;155;140;124
9.76;шапочка швейцара;мужс.;-;;;480;432;384
9.79;наколка, на липучке;женс.;-;;;242;218;194
9.82;берет;;-;теремок;;315;284;252
9.84;шапка;;-;;;308;277;246
9.86;бандана;уни;-;флис;;315;284;252
9.87;фуражка;мужс.;-;;;3650;2 990;2 780
9.88;шапочка поварс.;женс.;-;;;299;269;239
9.90;наколка;женс.;-;;;198;178;158
9.92;шапочка поварс.;женс.;-;с козырьком;;387;348;310
9.93;бандана;женс.;-;с козырьком;;319;287;255
9.94б;берет поварской;;;;;372;335;298
9.94;берет поварской;уни;;с завязками;;394;355;315
9.94в;колпак поварс.;уни;-;теремок;;316;284;253
9.96;панама/шляпа;уни;-;;;341;307;273
9.99;Шапочка;;-;;;242;218;194
9.102;????;;-;;;304;274;243
9.102а;????;;-;;;399;359;319
9.116;кивер;уни;-;;;796;716;637
10.03;галстук;;;;;270;243;216
10.04;галстук;;;самовяз, с обработкой;;400;360;320
10.04Э;галстук;;;самовяз, без обработки;;299;269;239
10.05;галстук;;;женс., укороченный;;328;295;262
10,07;бантик;;;;;;0;0
10.09;бабочка;;;;;189;170;151
10.11;бабочка;;;;;189;170;151
10.23;галстук;;;мужс.;;294;265;235
10.24;галстук;;;женс., на резинке;;294;265;235
10.25A;бабочка;;;одинарная;;189;170;151
10.25B;бабочка;;;двойная;;278;250;222
10.26;погоны;;за пару;витой, пуговица;;440;396;352
10.28;погоны;;за пару;витой, пуговица;;440;396;352
10.29;погоны;;пара;эполет;;535;482;428
10.44;погоны;;;за пару;;530;477;424
10.49;погоны;;пара;витой;;399;359;319
10.61;галстук;;10,5х155;самовяз 100%п/э;;465;419;372
10.61;галстук;;10,5х155;сублимация;;652;-;-
10.61;галстук;;10,5х155;сублимация с направл-ым. рис.;;764;-;-
10.64;галстук;;;"женс., ""язычек""";;221;199;177
10.82;галстук;;;женс., на резинке;;293;264;234
10.83;галстук;;;как 10.05;;;0;0
10.84;галстук;;;двойной;;310;279;248
10.93;галстук;;6х153;самовяз;;399;359;319
10.94;галстук;;6х145;самовяз;;380;342;304
10.98Э;галстук;;;100%п/э;;428;385;342
10.98;галстук;;11х155;сублимация, на атласе;;592;-;-
10.12;сумка;;;рекламная;;415;374;332
10.18;сумка;;;рекламная;;394;355;315
10.19;сумка;;;рекламная;;683;615;546
10.21;сумка;;;рекламная;;578;520;462
10.30;юбка банкетная;;;;;от 650р/м погонный;;
10.48A;рюкзак;;24*40*24;;;315;284;252
10.48B;рюкзак;;24*40*24;;;578;520;462
10.52;Пояс-карман;;;;;336;302;269
10.53;Пояс-карман;;;;;210;189;168
10.54А-1;платок;;68х68;оверлок;;187;168;150
10.54А-2;платок;;68х68;моск. шов;;253;228;202
10.54А-1;платок;;68х68;оверлок, с сублимацией;;396;356;317
10.54А-2;платок;;68х68;моск. шов, с сублимацией;;448;403;358
10.54B-1;платок;;70х70;оверлок;;237;213;190
10.54B-2;платок;;70х70;моск.шов;;310;279;248
10.54C-1;платок;;45х45;оверлок;;147;132;118
10.54C-2;платок;;45х45;моск. шов;;213;192;170
10.55;косынка;;106х27;поварская;;110;90;65
10.55А-1;косынка;;106х27;оверлок;;165;149;132
10.55А-2;косынка;;106х27;моск.шов;;199;179;159
10.55А-1;косынка;;106х27;оверлок, с сублимацией;;237;213;190
10.55B;косынка;;91х28;поварская, укороч;;;;
10.55С;косынка;;106х27;с окантовкой;;;;
10.55D;косынка-бандана;;100х50;90градусов;;209;188;167
10.56B;сумка;;;рекламная;;368;331;294
10.111;шарфик;;140х20;моск. шов;;275;248;220
10.111;шарфик;;140х20;оверлок;;178;160;142
10.111;шарфик;;140х20;моск. шов, с сублимацией;;480;432;384
10.111;шарфик;;140х20;оверлок, с сублимацией;;399;359;319
13.42;полотенце;;;махра;;индив.;;
13.44;прихватка;;;тканевая;;105;95;84
13.46;сумка д/пиццы;;малая;;;1200;987;955
13.47;сумка д/пиццы;;большая;;;1350;1 215;1 080
1.58;платье;женс.;;;;993;894;794
1.85;платье;женс.;б/рукава;качели;;;0;0
2.60;брюки;женс.;-;пояс со шнуром;;880;792;704
б/н;бадлон;уни;дл. рукав;футер, Теремок;;525;470;445
4.45;бадлон;женс.;дл. рукав;трикотаж;;950;855;760
4.45A;бадлон;женс.;рукав 3/4;трикотаж;;785;707;628
4.45D;бадлон;женс.;;трикотаж;;760;684;608
4A.108;блуза;женс.;;трикотажная;;788;709;630
4A.130;бадлон;женс.;дл. рукав;трикот, на молнии;;770;693;616
4A.130A;бадлон;женс.;дл. рукав;трикотажный;;890;801;712
4A.139B;футболка трик.;мужс.;кор. рукав;рукав-реглан;;740;666;592
4A.139E;футболка трик.;мужс.;дл. рукав;V-вырез, с отделкой;;841;757;673
4A.140;футболка трик.;женс.;дл. рукав;фигурный вырез;;730;657;584
4A.140B;футболка трик.;женс.;кор. рукав;фигурный вырез;;570;513;456
4A.140E;футболка трик.;женс.;дл. рукав;V-вырез, шнуровка;;890;801;712
4А.142;;;;;;640;576;512
4А.185;майка;женс.;б/рукава;трикотаж;;275;248;220
4A.188;блуза;женс.;;трикотажная;;788;709;630
4B.191;туника;женс.;;;;850;765;680
4A.220;футболка;;;;;374;337;299
4A.220B;блуза;женс.;кор. рукав;футболка, трикот.;;567;510;454
4A.222;блуза;женс.;;футболка, трикот.;;649;584;519
4А.224B;рубашка-поло;женс.;;;;814;733;651
4А.225;рубашка-поло;мужс.;кор. рукав;однотон;;560;504;448
4А.225;рубашка-поло;мужс.;кор. рукав;комбинированная;;592;533;474
11.11B;рубашка-поло;мужс.;;рукав длинный;;651;586;521
11.15;футболка;женс.;;;;488;439;390
11.16;блуза;женс.;;;;788;709;630
13.16;перчатки;уни;;белые;;120;108;95
1,104;Платье;;;трикотаж милано;;1961;1 765;1 569
4.307;блуза без рук.;;;сорочка;;970;873;776
0.73;жакеи укороч;;;габардин;;2511;2 260;2 009
3.46;юбка;;;;;1205;1 085;964
4,51F;китель повара;;;форвард;;1063;957;850
5.219;передник;;;форвард;;674;607;539
2.12в;брюки универс;;;форвард;;690;621;552
4.321;кит двуборт;;;форвард;;1398;1 258;1 118
9.01;колпак;;;форвард;;436;392;349
4.308;блуза кор рук;;;сорочка;;970;873;776
2.03;брюки жен;;;габардин;;1286;1 157;1 029
6A.69;жилет-фрак;;;;;;0;0
4.147;сорочка мужская;;;;;1202;1 082;962
6.69м;жилет фрак;;;;;;0;0
2.05;брюки муж;;;эконом;;1606;1 445;1 285
0.72;жакет мужск;;;эконом;;3282;2 954;2 626
4.307;блуза;;;сорочка;;970;873;776
3.46;юбка;;;габардин;;1205;1 085;964
5.217;передник;;;поливискоза,шифон;;857;771;686
4.07с;блуза;;;сорочка;;1270;1 143;1 016
3.46;юбка;;;;;1202;1 082;962
5.218;платье-фартук;;;сатори,тиси;;1128;1 015;902
