Наш арт;Арт поставщика;Старый артикул (сайт);Поставщик;Наименование изделия;жен/муж;рукав, размер;Описание+особенности;Ссылка на фото поставщика;Наша цена;Цена поставщика;Наценка;Примечание;Ссылка на наш сайт
11.15h;;;Китай;перчатки (Китай);уни;one size;белые, хлопок;;80;22;;поставка 1мес;http://aviktime.ru/catalog/items/655/
11.16h;;;КомплексБар;перчатки PapStar (СПб);уни;М, L, XL;белые, хлопок;;120;30;;поставка 1мес, что-то может быть в наличии в СПб;http://aviktime.ru/catalog/items/401/
11.17h;;;Китай;перчатки (Китай);уни;one size;белые, лавсан;;140;24;;поставка 1мес;http://aviktime.ru/catalog/items/656/
11.18-1h;;;Китай;перчатки (Китай);уни;one size;белые, на кнопке, х/б;;220;40;;поставка 1мес;http://aviktime.ru/catalog/items/657/
11.18-2h;;;Китай;перчатки (Китай);уни;one size;белые, на кнопке, лавсан;;250;70;;поставка 1мес;http://aviktime.ru/catalog/items/657/
11.19;;;????;перчатки (CE);уни;one size;белые, хлопок;;70;??;;остатки;
5190;5190;11.19a;Проект 111;Футболка;уни;кор. рукав;140гр, классика;;132;;;поставка 3-5дней;http://www.aviktime.ru/catalog/items/567/
1376;1376;11.20a;Проект 111;Футболка;муж;кор. рукав;150гр, классика;;179;;;поставка 3-5дней;http://www.aviktime.ru/catalog/items/149/
2662;2662;11.21a;Проект 111;Футболка;жен;кор. рукав;150гр, классика;;188;;;объединить;http://www.aviktime.ru/catalog/items/573/
1374;1374;11.22a;Проект 111;Футболка;муж;кор. рукав;190гр, классика;;247;;;поставка 3-5дней;http://www.aviktime.ru/catalog/items/150/
6083;6083;11.23a;Проект 111;Футболка;жен;кор. рукав;190гр, классика;;272;;;поставка 3-5дней;http://www.aviktime.ru/catalog/items/572/
1372;1372;11.24a;Проект 111;Футболка;жен;кор. рукав;220гр, по фигуре;;228;;;поставка 3-5дней;http://www.aviktime.ru/catalog/items/151/
1834;1834;11.25a;Проект 111;Футболка;муж;кор. рукав;170гр, с отделкой;;376;;;поставка 3-5дней;http://www.aviktime.ru/catalog/items/579/
2400;2400;11.26a;Проект 111;Футболка;жен;кор. рукав;170гр, с отделкой;;323;;;поставка 3-5дней;http://www.aviktime.ru/catalog/items/580/
1887;1887;11.27a;Проект 111;Футболка;муж;кор. рукав;150гр, V-вырез;;297;;;поставка 3-5дней;http://www.aviktime.ru/catalog/items/575/
1874;1874;11.28a;Проект 111;Футболка;жен;кор. рукав;220гр, V-вырез;;279;;;поставка 3-5дней;http://www.aviktime.ru/catalog/items/152/
4380;4380;11.29a;Проект 111;Футболка;муж;кор. рукав;190гр, с лайкрой;;696;;;поставка 3-5дней;http://www.aviktime.ru/catalog/items/576/
4802;4802;11.30a;Проект 111;Футболка;муж;кор. рукав;160гр, для сублимации;;335;;;поставка 3-5дней;http://www.aviktime.ru/catalog/items/574/
4797;4797;11.31a;Проект 111;Футболка;жен;кор. рукав;170гр, ориг. вырез;;487;;;поставка 3-5дней;http://www.aviktime.ru/catalog/items/578/
1379;1379;11.32a;Проект 111;Рубашка-поло;муж;кор. рукав;170гр, классика;;429;;;поставка 3-5дней;http://www.aviktime.ru/catalog/items/153/
6087;6087;11.33a;Проект 111;Рубашка-поло;жен;кор. рукав;170гр, классика;;431;;;поставка 3-5дней;http://www.aviktime.ru/catalog/items/583/
1895;1895;11.34a;Проект 111;Рубашка-поло;жен;кор. рукав;220гр, классика;;508;;;поставка 3-5дней;http://www.aviktime.ru/catalog/items/155/
1898;1898;11.35a;Проект 111;Рубашка-поло;муж;кор. рукав;210гр, классика;;585;;;поставка 3-5дней;http://www.aviktime.ru/catalog/items/154/
6025;6025;11.37a;Проект 111;Бейсболка Unit First;уни;-;135гр, 5 клиньев;;54;;;поставка 3-5дней;http://www.aviktime.ru/catalog/items/644/
-;-;11.38b;Стан;Бейсболка StanClassic;уни;-;150гр, 5 клиньев;;128;;;поставка 3-5 дней;http://www.aviktime.ru/catalog/items/646/
1847;1847;11.39a;Проект 111;Бейсболка Unit Standart;уни;-;260гр, 5 клиньев;;95;;;поставка 3-5 дней;http://www.aviktime.ru/catalog/items/645/
1851;1851;11.40a;Проект 111;Козырек Unit Sun;уни;-;180гр, с кантом;;99,1;;;поставка 3-5 дней;http://www.aviktime.ru/catalog/items/647/
1839;1839;11.41а;Проект 111;Блуза;жен;кор. рукав;"хлопок 70%, плотность 130 г/кв.м.; полиэстер 30%";;835;;;добавить номера цветов в описание или фото;http://www.aviktime.ru/catalog/items/530/
2511;2511;11.42а;Проект 111;Блуза;жен;кор. рукав;"хлопок 97%, плотность 140 г/кв.м.; эластан 3%";;1100;;;добавить номера цветов в описание или фото;http://www.aviktime.ru/catalog/items/533/
1838;1838;11.43а;Проект 111;Блуза;жен;длинным;"хлопок 70%, плотность 135 г/кв.м.; полиэстер 30%";;1080;;;добавить номера цветов в описание или фото;http://www.aviktime.ru/catalog/items/531/
2510;2510;11.44а;Проект 111;Блуза;жен;рукав 3/4;"хлопок 97%, плотность 140 г/кв.м.; эластан 3%";;1132;;;;http://aviktime.ru/catalog/items/663/
1837;1837;11.45а;Проект 111;Сорочка;муж;кор. рукав;"хлопок 70%, плотность 130 г/кв.м.; полиэстер 30%";;1050;;;;http://www.aviktime.ru/catalog/items/526/
1836;1836;11.46а;Проект 111;Сорочка;муж;дл. рукав;"хлопок 70%, плотность 135 г/кв.м.; полиэстер 30%";;1180;;;;http://www.aviktime.ru/catalog/items/528/
2508;2508;11.47а;Проект 111;Сорочка;муж;дл. рукав;"хлопок 97%, плотность 140 г/кв.м.; эластан 3%";;1260;;;;http://www.aviktime.ru/catalog/items/527/
2506;2506;11.48а;Проект 111;Сорочка;муж;дл. рукав;"хлопок 100%, плотность 165 г/кв.м.; твил";;1160;;;;http://aviktime.ru/catalog/items/664/
2509;2509;11.49а;Проект 111;Сорочка;муж;кор. рукав;"хлопок 97%, плотность 140 г/кв.м.; эластан 3%";;1085;;;;http://aviktime.ru/catalog/items/665/
5423;5423;11.50а;Проект 111;Рубашка-поло;муж;кор. рукав;"Плотность: 240 г/м
Состав: 100% хлопок";;785;;;;http://www.aviktime.ru/catalog/items/581/
4805;4805;11.51а;Проект 111;Майка;муж;б/рукава;"джерси; хлопок 100%, плотность 150 г/м2";;286;;;;http://aviktime.ru/catalog/items/666/
4804;4804;11.52а;Проект 111;Майка;жен;б/рукава;"хлопок 100%, плотность 150 г/м2; джерси";;319;;;;http://aviktime.ru/catalog/items/667/
4381;4381;11.53а;Проект 111;Футболка;жен;кор. рукав;"хлопок 100%, плотность 150 г/кв.м.; джерси";;288;;;;http://aviktime.ru/catalog/items/668/
1890;1890;11.54а;Проект 111;Футболка;муж;кор. рукав;хлопок 100%, плотность 150 г/кв.м.;;298;;;;http://aviktime.ru/catalog/items/669/
1377;1377;11.55а;Проект 111;Футболка;муж;дл. рукав;"хлопок 100%, плотность 150 г/кв.м.; джерси";;393;;;;http://aviktime.ru/catalog/items/670/
2663;2663;11.56а;Проект 111;Футболка;жен;дл. рукав;хлопок 100%, плотность 220 г/кв.м.;;392;;;позиция снята с пр-ва;http://aviktime.ru/catalog/items/671/
4377;4377;11.57а;Проект 111;Футболка;жен;дл. рукав;"хлопок 100%, плотность 150 г/кв.м.; джерси";;436;;;;http://aviktime.ru/catalog/items/672/
3857;3857;11.58а;Проект 111;Рубашка-поло;жен;дл. рукав;хлопок 100%, плотность 220 г/кв.м.;;454;;;;http://aviktime.ru/catalog/items/673/
5420;5420;11.59а;Проект 111;Рубашка-поло;муж;дл. рукав;"хлопок 100%, плотность 170 г/кв.м.; пике";;779;;;;http://aviktime.ru/catalog/items/674/
6085;6085;11.60а;Проект 111;Рубашка-поло;муж;кор. рукав;"хлопок 100%, плотность 190 г/м2; пике";;695;;;;http://aviktime.ru/catalog/items/675/
6084;6084;11.61а;Проект 111;Рубашка-поло;жен;кор. рукав;"пике; хлопок 100%, плотность 270 г/м2";;747;;;;http://aviktime.ru/catalog/items/676/
2502;2502;11.62а;Проект 111;Рубашка-поло;муж;кор. рукав;"хлопок 100%, плотность 270 г/кв.м.; пике";;797;;;;http://aviktime.ru/catalog/items/677/
1384;1384;11.63а;Проект 111;Ветровка;уни;дл. рукав;нейлон 100%, плотность 210 г/кв.м.;;530;;;;http://aviktime.ru/catalog/items/660/
5575;5575;11.64а;Проект 111;Куртка;жен;дл. рукав;флис, плотность 300 г/м2;;1080;;;;нет на сайте
1909;1909;11.65а;Проект 111;Куртка;муж;дл. рукав;флис, плотность 300 г/м2;;1080;;;;http://aviktime.ru/catalog/items/679/
5543;5543;11.66а;Проект 111;Бандана;уни;-;хлопок 100%, плотность 105 г/м2;;69;;;;http://aviktime.ru/catalog/items/680/
5429;5429;11.67а;Проект 111;Козырек;уни;-;"хлопок 100%; твил";;109;;;;http://aviktime.ru/catalog/items/681/
1848;1848;11.68а;Проект 111;Бейсболка;уни;-;хлопок 100%, плотность 340 г/кв.м.;;111;;;;http://aviktime.ru/catalog/items/682/
5238;5238;11.69а;Проект 111;Фартук;уни;-;ткань тиси (35% хлопок, 65% полиэстер);;323;;;;http://aviktime.ru/catalog/items/683/
11.70h;-;;Гермес;шапка флисовая (шестиклинка);уни;-;240 г;;250;130;1,92;на количество больше 100 ед.- цена меньше;http://www.aviktime.ru/catalog/items/686/
11.71h;-;;Гермес;шарф флисовый;уни;120*20, 150*25;"180г/м2, 300г/м2, обработка края: 120*20 оверлок, бахрома,
150*25 оверлок(бахрома+10 руб.)";;220;120;1,8;"180г/м2-120*20 с обработкой оверлок, бахрома- 120 руб.,
150*25 с обработкой оверлок(бахрома +10 руб.)- 200 руб.(+10 руб.)
300 г/м2- 120*20 с обработкой оверлок, бахрома- 170 руб.,
150*25 с обработкой оверлок(бахрома+10 руб.)- 300 руб.(+10руб.) 
на количество больше 100 ед.- цена меньше";http://www.aviktime.ru/catalog/items/687/
11.72h;-;;Гермес;варежки флисовые;уни;-;240гр;;320;200;1,6;на количество больше 100 ед.- цена меньше;http://www.aviktime.ru/catalog/items/688/
11.73h;-;;Гермес;варежки комбинированные( флис/плащевка);уни;-;240гр/100%ПЭ;;480;300;1,6;на количество больше 100 ед.- цена меньше;http://www.aviktime.ru/catalog/items/689/
11.74h;-;;Гермес;Варежки из плащевки двухслойные (подклад из флиса);уни;-;100%ПЭ/180гр;;0;370;;на количество больше 100 ед.- цена меньше;НЕ НАШЛА
11.75h;;;ФормаРусь;жилет женский;жен;-;Ткань смесовая: вискоза - 30%, полиэстр - 70%;;1476;820;1,8;черный;http://www.aviktime.ru/catalog/items/701/
11.76h;;;ФормаРусь;юбка на подкладке;жен;-;Ткань смесовая: вискоза - 30%, полиэстр - 70%;;1476;820;1,8;черный;http://www.aviktime.ru/catalog/items/700/
11.77h;;;ФормаРусь;брюки женские;жен;-;Ткань смесовая: вискоза - 30%, полиэстр - 70%;;1476;820;1,8;черный;http://www.aviktime.ru/catalog/items/702/
11.78h;;;ФормаРусь;костюм двойка;жен;-;;;3150;2250;1,4;черный;
11.79h;;;ФормаРусь;костюм двойка;муж;-;;;3487,5;2250;1,55;;
11.80h;;;Профит Групп;комплект магистра: мантия+шапочка с кисточкой+капюшон;уни;-;габардин;;1826;830;2,2;;
11.81h;;;Профит Групп;Комплект бакалавра: мантия+шапочка с кисточкой;уни;-;габардин;;1496;680;2,2;;
11.82h;;;Профит Групп;галстук;уни;-;;;264;120;2,2;;
11.83h;;;Профит Групп;накидка специалиста;уни;-;;;330;150;2,2;;
11.84h;;;Профит Групп;коробка для хранения мантий;уни;-;;;154;70;2,2;;
11.85h;;;Профит Групп;капюшон магистра;уни;-;;;330;150;2,2;;
;;;;;;;;;0;;;;
;;;;;;;;;0;;;;
;;;;;;;;;0;;;;
;;;;;;;;;0;;;;
;;;;;;;;;0;;;;
;;;;;;;;;0;;;;
;;;;;;;;;0;;;;
;;;;;;;;;0;;;;
;;;;;;;;;0;;;;
;;;;;;;;;0;;;;
;;;;;;;;;0;;;;
;;;;;;;;;0;;;;
;;;;;;;;;0;;;;
;;;;;;;;;0;;;;
;;;;;;;;;0;;;;
;;;;;;;;;0;;;;
;;;;;;;;;0;;;;
;;;;;;;;;0;;;;
;;;;;;;;;0;;;;
;;;;;;;;;0;;;;
;;;;;;;;;0;;;;
;;;;;;;;;0;;;;
;;;;;;;;;0;;;;
;;;;;;;;;0;;;;
